ParkName,UnitCode,Region,State,Year,Month,MonthlyVisits,AnnualTotalVisits
Acadia NP,ACAD,Northeast ,ME,2024,1,"15,538","3,961,661"
Acadia NP,ACAD,Northeast ,ME,2024,2,"14,071","3,961,661"
Acadia NP,ACAD,Northeast ,ME,2024,3,"25,696","3,961,661"
Acadia NP,ACAD,Northeast ,ME,2024,4,"95,165","3,961,661"
Acadia NP,ACAD,Northeast ,ME,2024,5,"320,885","3,961,661"
Acadia NP,ACAD,Northeast ,ME,2024,6,"599,015","3,961,661"
Acadia NP,ACAD,Northeast ,ME,2024,7,"791,029","3,961,661"
Acadia NP,ACAD,Northeast ,ME,2024,8,"795,332","3,961,661"
Acadia NP,ACAD,Northeast ,ME,2024,9,"646,116","3,961,661"
Acadia NP,ACAD,Northeast ,ME,2024,10,"567,466","3,961,661"
Acadia NP,ACAD,Northeast ,ME,2024,11,"76,388","3,961,661"
Acadia NP,ACAD,Northeast ,ME,2024,12,"14,960","3,961,661"
Arches NP,ARCH,Intermountain ,UT,2024,1,"28,088","1,466,528"
Arches NP,ARCH,Intermountain ,UT,2024,2,"51,510","1,466,528"
Arches NP,ARCH,Intermountain ,UT,2024,3,"143,166","1,466,528"
Arches NP,ARCH,Intermountain ,UT,2024,4,"156,720","1,466,528"
Arches NP,ARCH,Intermountain ,UT,2024,5,"195,379","1,466,528"
Arches NP,ARCH,Intermountain ,UT,2024,6,"180,563","1,466,528"
Arches NP,ARCH,Intermountain ,UT,2024,7,"156,052","1,466,528"
Arches NP,ARCH,Intermountain ,UT,2024,8,"143,726","1,466,528"
Arches NP,ARCH,Intermountain ,UT,2024,9,"148,366","1,466,528"
Arches NP,ARCH,Intermountain ,UT,2024,10,"135,716","1,466,528"
Arches NP,ARCH,Intermountain ,UT,2024,11,"78,397","1,466,528"
Arches NP,ARCH,Intermountain ,UT,2024,12,"48,845","1,466,528"
Badlands NP,BADL,Midwest ,SD,2024,1,"8,549","1,094,245"
Badlands NP,BADL,Midwest ,SD,2024,2,"10,397","1,094,245"
Badlands NP,BADL,Midwest ,SD,2024,3,"25,776","1,094,245"
Badlands NP,BADL,Midwest ,SD,2024,4,"37,328","1,094,245"
Badlands NP,BADL,Midwest ,SD,2024,5,"109,385","1,094,245"
Badlands NP,BADL,Midwest ,SD,2024,6,"218,729","1,094,245"
Badlands NP,BADL,Midwest ,SD,2024,7,"234,886","1,094,245"
Badlands NP,BADL,Midwest ,SD,2024,8,"199,919","1,094,245"
Badlands NP,BADL,Midwest ,SD,2024,9,"139,875","1,094,245"
Badlands NP,BADL,Midwest ,SD,2024,10,"71,915","1,094,245"
Badlands NP,BADL,Midwest ,SD,2024,11,"22,887","1,094,245"
Badlands NP,BADL,Midwest ,SD,2024,12,"14,599","1,094,245"
Big Bend NP,BIBE,Intermountain ,TX,2024,1,"40,498","561,458"
Big Bend NP,BIBE,Intermountain ,TX,2024,2,"48,302","561,458"
Big Bend NP,BIBE,Intermountain ,TX,2024,3,"100,315","561,458"
Big Bend NP,BIBE,Intermountain ,TX,2024,4,"77,541","561,458"
Big Bend NP,BIBE,Intermountain ,TX,2024,5,"38,083","561,458"
Big Bend NP,BIBE,Intermountain ,TX,2024,6,"20,004","561,458"
Big Bend NP,BIBE,Intermountain ,TX,2024,7,"16,417","561,458"
Big Bend NP,BIBE,Intermountain ,TX,2024,8,"15,741","561,458"
Big Bend NP,BIBE,Intermountain ,TX,2024,9,"23,902","561,458"
Big Bend NP,BIBE,Intermountain ,TX,2024,10,"49,181","561,458"
Big Bend NP,BIBE,Intermountain ,TX,2024,11,"65,273","561,458"
Big Bend NP,BIBE,Intermountain ,TX,2024,12,"66,201","561,458"
Biscayne NP,BISC,Southeast ,FL,2024,1,"31,701","512,213"
Biscayne NP,BISC,Southeast ,FL,2024,2,"37,428","512,213"
Biscayne NP,BISC,Southeast ,FL,2024,3,"46,810","512,213"
Biscayne NP,BISC,Southeast ,FL,2024,4,"41,856","512,213"
Biscayne NP,BISC,Southeast ,FL,2024,5,"51,610","512,213"
Biscayne NP,BISC,Southeast ,FL,2024,6,"47,208","512,213"
Biscayne NP,BISC,Southeast ,FL,2024,7,"58,503","512,213"
Biscayne NP,BISC,Southeast ,FL,2024,8,"40,348","512,213"
Biscayne NP,BISC,Southeast ,FL,2024,9,"49,744","512,213"
Biscayne NP,BISC,Southeast ,FL,2024,10,"41,396","512,213"
Biscayne NP,BISC,Southeast ,FL,2024,11,"32,466","512,213"
Biscayne NP,BISC,Southeast ,FL,2024,12,"33,143","512,213"
Black Canyon of the Gunnison NP,BLCA,Intermountain ,CO,2024,1,"6,951","335,862"
Black Canyon of the Gunnison NP,BLCA,Intermountain ,CO,2024,2,"6,601","335,862"
Black Canyon of the Gunnison NP,BLCA,Intermountain ,CO,2024,3,"9,383","335,862"
Black Canyon of the Gunnison NP,BLCA,Intermountain ,CO,2024,4,"10,538","335,862"
Black Canyon of the Gunnison NP,BLCA,Intermountain ,CO,2024,5,"34,270","335,862"
Black Canyon of the Gunnison NP,BLCA,Intermountain ,CO,2024,6,"57,224","335,862"
Black Canyon of the Gunnison NP,BLCA,Intermountain ,CO,2024,7,"53,237","335,862"
Black Canyon of the Gunnison NP,BLCA,Intermountain ,CO,2024,8,"51,827","335,862"
Black Canyon of the Gunnison NP,BLCA,Intermountain ,CO,2024,9,"54,665","335,862"
Black Canyon of the Gunnison NP,BLCA,Intermountain ,CO,2024,10,"34,019","335,862"
Black Canyon of the Gunnison NP,BLCA,Intermountain ,CO,2024,11,"11,539","335,862"
Black Canyon of the Gunnison NP,BLCA,Intermountain ,CO,2024,12,"5,608","335,862"
Bryce Canyon NP,BRCA,Intermountain ,UT,2024,1,"32,464","2,498,075"
Bryce Canyon NP,BRCA,Intermountain ,UT,2024,2,"39,629","2,498,075"
Bryce Canyon NP,BRCA,Intermountain ,UT,2024,3,"103,536","2,498,075"
Bryce Canyon NP,BRCA,Intermountain ,UT,2024,4,"229,797","2,498,075"
Bryce Canyon NP,BRCA,Intermountain ,UT,2024,5,"337,175","2,498,075"
Bryce Canyon NP,BRCA,Intermountain ,UT,2024,6,"347,567","2,498,075"
Bryce Canyon NP,BRCA,Intermountain ,UT,2024,7,"319,540","2,498,075"
Bryce Canyon NP,BRCA,Intermountain ,UT,2024,8,"300,280","2,498,075"
Bryce Canyon NP,BRCA,Intermountain ,UT,2024,9,"366,719","2,498,075"
Bryce Canyon NP,BRCA,Intermountain ,UT,2024,10,"272,988","2,498,075"
Bryce Canyon NP,BRCA,Intermountain ,UT,2024,11,"83,001","2,498,075"
Bryce Canyon NP,BRCA,Intermountain ,UT,2024,12,"65,379","2,498,075"
Canyonlands NP,CANY,Intermountain ,UT,2024,1,"6,055","818,492"
Canyonlands NP,CANY,Intermountain ,UT,2024,2,"17,841","818,492"
Canyonlands NP,CANY,Intermountain ,UT,2024,3,"79,031","818,492"
Canyonlands NP,CANY,Intermountain ,UT,2024,4,"107,239","818,492"
Canyonlands NP,CANY,Intermountain ,UT,2024,5,"120,011","818,492"
Canyonlands NP,CANY,Intermountain ,UT,2024,6,"88,579","818,492"
Canyonlands NP,CANY,Intermountain ,UT,2024,7,"70,592","818,492"
Canyonlands NP,CANY,Intermountain ,UT,2024,8,"65,386","818,492"
Canyonlands NP,CANY,Intermountain ,UT,2024,9,"105,723","818,492"
Canyonlands NP,CANY,Intermountain ,UT,2024,10,"96,428","818,492"
Canyonlands NP,CANY,Intermountain ,UT,2024,11,"41,545","818,492"
Canyonlands NP,CANY,Intermountain ,UT,2024,12,"20,062","818,492"
Capitol Reef NP,CARE,Intermountain ,UT,2024,1,"20,490","1,422,490"
Capitol Reef NP,CARE,Intermountain ,UT,2024,2,"20,301","1,422,490"
Capitol Reef NP,CARE,Intermountain ,UT,2024,3,"88,763","1,422,490"
Capitol Reef NP,CARE,Intermountain ,UT,2024,4,"159,923","1,422,490"
Capitol Reef NP,CARE,Intermountain ,UT,2024,5,"211,504","1,422,490"
Capitol Reef NP,CARE,Intermountain ,UT,2024,6,"157,882","1,422,490"
Capitol Reef NP,CARE,Intermountain ,UT,2024,7,"127,118","1,422,490"
Capitol Reef NP,CARE,Intermountain ,UT,2024,8,"114,322","1,422,490"
Capitol Reef NP,CARE,Intermountain ,UT,2024,9,"201,326","1,422,490"
Capitol Reef NP,CARE,Intermountain ,UT,2024,10,"197,115","1,422,490"
Capitol Reef NP,CARE,Intermountain ,UT,2024,11,"79,974","1,422,490"
Capitol Reef NP,CARE,Intermountain ,UT,2024,12,"43,772","1,422,490"
Carlsbad Caverns NP,CAVE,Intermountain ,NM,2024,1,"19,713","460,474"
Carlsbad Caverns NP,CAVE,Intermountain ,NM,2024,2,"21,587","460,474"
Carlsbad Caverns NP,CAVE,Intermountain ,NM,2024,3,"54,031","460,474"
Carlsbad Caverns NP,CAVE,Intermountain ,NM,2024,4,"50,142","460,474"
Carlsbad Caverns NP,CAVE,Intermountain ,NM,2024,5,"38,458","460,474"
Carlsbad Caverns NP,CAVE,Intermountain ,NM,2024,6,"52,133","460,474"
Carlsbad Caverns NP,CAVE,Intermountain ,NM,2024,7,"54,587","460,474"
Carlsbad Caverns NP,CAVE,Intermountain ,NM,2024,8,"42,598","460,474"
Carlsbad Caverns NP,CAVE,Intermountain ,NM,2024,9,"27,589","460,474"
Carlsbad Caverns NP,CAVE,Intermountain ,NM,2024,10,"35,854","460,474"
Carlsbad Caverns NP,CAVE,Intermountain ,NM,2024,11,"30,660","460,474"
Carlsbad Caverns NP,CAVE,Intermountain ,NM,2024,12,"33,122","460,474"
Channel Islands NP,CHIS,Pacific West ,CA,2024,1,"17,055","262,581"
Channel Islands NP,CHIS,Pacific West ,CA,2024,2,"14,888","262,581"
Channel Islands NP,CHIS,Pacific West ,CA,2024,3,"23,069","262,581"
Channel Islands NP,CHIS,Pacific West ,CA,2024,4,"22,081","262,581"
Channel Islands NP,CHIS,Pacific West ,CA,2024,5,"23,374","262,581"
Channel Islands NP,CHIS,Pacific West ,CA,2024,6,"26,180","262,581"
Channel Islands NP,CHIS,Pacific West ,CA,2024,7,"32,816","262,581"
Channel Islands NP,CHIS,Pacific West ,CA,2024,8,"26,380","262,581"
Channel Islands NP,CHIS,Pacific West ,CA,2024,9,"20,251","262,581"
Channel Islands NP,CHIS,Pacific West ,CA,2024,10,"23,694","262,581"
Channel Islands NP,CHIS,Pacific West ,CA,2024,11,"17,900","262,581"
Channel Islands NP,CHIS,Pacific West ,CA,2024,12,"14,893","262,581"
Congaree NP,CONG,Southeast ,SC,2024,1,"13,574","242,049"
Congaree NP,CONG,Southeast ,SC,2024,2,"16,847","242,049"
Congaree NP,CONG,Southeast ,SC,2024,3,"33,992","242,049"
Congaree NP,CONG,Southeast ,SC,2024,4,"23,386","242,049"
Congaree NP,CONG,Southeast ,SC,2024,5,"33,257","242,049"
Congaree NP,CONG,Southeast ,SC,2024,6,"20,048","242,049"
Congaree NP,CONG,Southeast ,SC,2024,7,"16,342","242,049"
Congaree NP,CONG,Southeast ,SC,2024,8,"12,143","242,049"
Congaree NP,CONG,Southeast ,SC,2024,9,"12,754","242,049"
Congaree NP,CONG,Southeast ,SC,2024,10,"21,310","242,049"
Congaree NP,CONG,Southeast ,SC,2024,11,"23,423","242,049"
Congaree NP,CONG,Southeast ,SC,2024,12,"14,973","242,049"
Crater Lake NP,CRLA,Pacific West ,OR,2024,1,"4,659","504,942"
Crater Lake NP,CRLA,Pacific West ,OR,2024,2,"5,304","504,942"
Crater Lake NP,CRLA,Pacific West ,OR,2024,3,"7,277","504,942"
Crater Lake NP,CRLA,Pacific West ,OR,2024,4,"13,142","504,942"
Crater Lake NP,CRLA,Pacific West ,OR,2024,5,"31,706","504,942"
Crater Lake NP,CRLA,Pacific West ,OR,2024,6,"66,311","504,942"
Crater Lake NP,CRLA,Pacific West ,OR,2024,7,"153,196","504,942"
Crater Lake NP,CRLA,Pacific West ,OR,2024,8,"93,343","504,942"
Crater Lake NP,CRLA,Pacific West ,OR,2024,9,"75,658","504,942"
Crater Lake NP,CRLA,Pacific West ,OR,2024,10,"42,103","504,942"
Crater Lake NP,CRLA,Pacific West ,OR,2024,11,"7,238","504,942"
Crater Lake NP,CRLA,Pacific West ,OR,2024,12,"5,005","504,942"
Cuyahoga Valley NP,CUVA,Midwest ,OH,2024,1,"84,307","2,912,454"
Cuyahoga Valley NP,CUVA,Midwest ,OH,2024,2,"101,659","2,912,454"
Cuyahoga Valley NP,CUVA,Midwest ,OH,2024,3,"213,800","2,912,454"
Cuyahoga Valley NP,CUVA,Midwest ,OH,2024,4,"280,875","2,912,454"
Cuyahoga Valley NP,CUVA,Midwest ,OH,2024,5,"311,592","2,912,454"
Cuyahoga Valley NP,CUVA,Midwest ,OH,2024,6,"354,492","2,912,454"
Cuyahoga Valley NP,CUVA,Midwest ,OH,2024,7,"399,887","2,912,454"
Cuyahoga Valley NP,CUVA,Midwest ,OH,2024,8,"300,183","2,912,454"
Cuyahoga Valley NP,CUVA,Midwest ,OH,2024,9,"269,880","2,912,454"
Cuyahoga Valley NP,CUVA,Midwest ,OH,2024,10,"307,446","2,912,454"
Cuyahoga Valley NP,CUVA,Midwest ,OH,2024,11,"156,954","2,912,454"
Cuyahoga Valley NP,CUVA,Midwest ,OH,2024,12,"131,379","2,912,454"
Death Valley NP,DEVA,Pacific West ,CA,2024,1,"85,415","1,440,484"
Death Valley NP,DEVA,Pacific West ,CA,2024,2,"123,912","1,440,484"
Death Valley NP,DEVA,Pacific West ,CA,2024,3,"161,476","1,440,484"
Death Valley NP,DEVA,Pacific West ,CA,2024,4,"165,429","1,440,484"
Death Valley NP,DEVA,Pacific West ,CA,2024,5,"139,306","1,440,484"
Death Valley NP,DEVA,Pacific West ,CA,2024,6,"69,830","1,440,484"
Death Valley NP,DEVA,Pacific West ,CA,2024,7,"99,078","1,440,484"
Death Valley NP,DEVA,Pacific West ,CA,2024,8,"110,158","1,440,484"
Death Valley NP,DEVA,Pacific West ,CA,2024,9,"105,027","1,440,484"
Death Valley NP,DEVA,Pacific West ,CA,2024,10,"129,633","1,440,484"
Death Valley NP,DEVA,Pacific West ,CA,2024,11,"129,189","1,440,484"
Death Valley NP,DEVA,Pacific West ,CA,2024,12,"122,031","1,440,484"
Denali NP & PRES,DENA,Alaska,AK,2024,1,"2,265","466,227"
Denali NP & PRES,DENA,Alaska,AK,2024,2,"3,828","466,227"
Denali NP & PRES,DENA,Alaska,AK,2024,3,"9,651","466,227"
Denali NP & PRES,DENA,Alaska,AK,2024,4,"7,485","466,227"
Denali NP & PRES,DENA,Alaska,AK,2024,5,"35,884","466,227"
Denali NP & PRES,DENA,Alaska,AK,2024,6,"116,208","466,227"
Denali NP & PRES,DENA,Alaska,AK,2024,7,"98,514","466,227"
Denali NP & PRES,DENA,Alaska,AK,2024,8,"132,364","466,227"
Denali NP & PRES,DENA,Alaska,AK,2024,9,"48,019","466,227"
Denali NP & PRES,DENA,Alaska,AK,2024,10,"6,405","466,227"
Denali NP & PRES,DENA,Alaska,AK,2024,11,"2,428","466,227"
Denali NP & PRES,DENA,Alaska,AK,2024,12,"3,176","466,227"
Dry Tortugas NP,DRTO,Southeast ,FL,2024,1,"7,673","84,873"
Dry Tortugas NP,DRTO,Southeast ,FL,2024,2,"7,108","84,873"
Dry Tortugas NP,DRTO,Southeast ,FL,2024,3,"7,961","84,873"
Dry Tortugas NP,DRTO,Southeast ,FL,2024,4,"8,194","84,873"
Dry Tortugas NP,DRTO,Southeast ,FL,2024,5,"8,542","84,873"
Dry Tortugas NP,DRTO,Southeast ,FL,2024,6,"8,325","84,873"
Dry Tortugas NP,DRTO,Southeast ,FL,2024,7,"7,835","84,873"
Dry Tortugas NP,DRTO,Southeast ,FL,2024,8,"5,165","84,873"
Dry Tortugas NP,DRTO,Southeast ,FL,2024,9,"5,690","84,873"
Dry Tortugas NP,DRTO,Southeast ,FL,2024,10,"4,288","84,873"
Dry Tortugas NP,DRTO,Southeast ,FL,2024,11,"6,577","84,873"
Dry Tortugas NP,DRTO,Southeast ,FL,2024,12,"7,515","84,873"
Everglades NP,EVER,Southeast ,FL,2024,1,"65,585","741,983"
Everglades NP,EVER,Southeast ,FL,2024,2,"83,898","741,983"
Everglades NP,EVER,Southeast ,FL,2024,3,"96,400","741,983"
Everglades NP,EVER,Southeast ,FL,2024,4,"58,807","741,983"
Everglades NP,EVER,Southeast ,FL,2024,5,"43,859","741,983"
Everglades NP,EVER,Southeast ,FL,2024,6,"53,704","741,983"
Everglades NP,EVER,Southeast ,FL,2024,7,"65,941","741,983"
Everglades NP,EVER,Southeast ,FL,2024,8,"56,695","741,983"
Everglades NP,EVER,Southeast ,FL,2024,9,"37,708","741,983"
Everglades NP,EVER,Southeast ,FL,2024,10,"38,085","741,983"
Everglades NP,EVER,Southeast ,FL,2024,11,"60,247","741,983"
Everglades NP,EVER,Southeast ,FL,2024,12,"81,054","741,983"
Gates of the Arctic NP & PRES,GAAR,Alaska,AK,2024,1,0,"11,907"
Gates of the Arctic NP & PRES,GAAR,Alaska,AK,2024,2,0,"11,907"
Gates of the Arctic NP & PRES,GAAR,Alaska,AK,2024,3,0,"11,907"
Gates of the Arctic NP & PRES,GAAR,Alaska,AK,2024,4,0,"11,907"
Gates of the Arctic NP & PRES,GAAR,Alaska,AK,2024,5,362,"11,907"
Gates of the Arctic NP & PRES,GAAR,Alaska,AK,2024,6,"3,117","11,907"
Gates of the Arctic NP & PRES,GAAR,Alaska,AK,2024,7,"3,733","11,907"
Gates of the Arctic NP & PRES,GAAR,Alaska,AK,2024,8,"3,193","11,907"
Gates of the Arctic NP & PRES,GAAR,Alaska,AK,2024,9,"1,502","11,907"
Gates of the Arctic NP & PRES,GAAR,Alaska,AK,2024,10,0,"11,907"
Gates of the Arctic NP & PRES,GAAR,Alaska,AK,2024,11,0,"11,907"
Gates of the Arctic NP & PRES,GAAR,Alaska,AK,2024,12,0,"11,907"
Gateway Arch NP,JEFF,Midwest ,MO,2024,1,"58,573","2,563,052"
Gateway Arch NP,JEFF,Midwest ,MO,2024,2,"88,836","2,563,052"
Gateway Arch NP,JEFF,Midwest ,MO,2024,3,"236,061","2,563,052"
Gateway Arch NP,JEFF,Midwest ,MO,2024,4,"209,455","2,563,052"
Gateway Arch NP,JEFF,Midwest ,MO,2024,5,"224,478","2,563,052"
Gateway Arch NP,JEFF,Midwest ,MO,2024,6,"302,480","2,563,052"
Gateway Arch NP,JEFF,Midwest ,MO,2024,7,"533,302","2,563,052"
Gateway Arch NP,JEFF,Midwest ,MO,2024,8,"322,088","2,563,052"
Gateway Arch NP,JEFF,Midwest ,MO,2024,9,"166,264","2,563,052"
Gateway Arch NP,JEFF,Midwest ,MO,2024,10,"181,075","2,563,052"
Gateway Arch NP,JEFF,Midwest ,MO,2024,11,"124,801","2,563,052"
Gateway Arch NP,JEFF,Midwest ,MO,2024,12,"115,639","2,563,052"
Glacier Bay NP & PRES,GLBA,Alaska,AK,2024,1,285,"736,282"
Glacier Bay NP & PRES,GLBA,Alaska,AK,2024,2,223,"736,282"
Glacier Bay NP & PRES,GLBA,Alaska,AK,2024,3,248,"736,282"
Glacier Bay NP & PRES,GLBA,Alaska,AK,2024,4,415,"736,282"
Glacier Bay NP & PRES,GLBA,Alaska,AK,2024,5,"127,844","736,282"
Glacier Bay NP & PRES,GLBA,Alaska,AK,2024,6,"147,973","736,282"
Glacier Bay NP & PRES,GLBA,Alaska,AK,2024,7,"160,858","736,282"
Glacier Bay NP & PRES,GLBA,Alaska,AK,2024,8,"149,393","736,282"
Glacier Bay NP & PRES,GLBA,Alaska,AK,2024,9,"110,981","736,282"
Glacier Bay NP & PRES,GLBA,Alaska,AK,2024,10,"37,624","736,282"
Glacier Bay NP & PRES,GLBA,Alaska,AK,2024,11,224,"736,282"
Glacier Bay NP & PRES,GLBA,Alaska,AK,2024,12,214,"736,282"
Glacier NP,GLAC,Intermountain ,MT,2024,1,"13,610","3,208,755"
Glacier NP,GLAC,Intermountain ,MT,2024,2,"16,658","3,208,755"
Glacier NP,GLAC,Intermountain ,MT,2024,3,"24,073","3,208,755"
Glacier NP,GLAC,Intermountain ,MT,2024,4,"45,056","3,208,755"
Glacier NP,GLAC,Intermountain ,MT,2024,5,"209,556","3,208,755"
Glacier NP,GLAC,Intermountain ,MT,2024,6,"549,591","3,208,755"
Glacier NP,GLAC,Intermountain ,MT,2024,7,"791,717","3,208,755"
Glacier NP,GLAC,Intermountain ,MT,2024,8,"748,996","3,208,755"
Glacier NP,GLAC,Intermountain ,MT,2024,9,"602,339","3,208,755"
Glacier NP,GLAC,Intermountain ,MT,2024,10,"165,018","3,208,755"
Glacier NP,GLAC,Intermountain ,MT,2024,11,"22,164","3,208,755"
Glacier NP,GLAC,Intermountain ,MT,2024,12,"19,977","3,208,755"
Grand Canyon NP,GRCA,Intermountain ,AZ,2024,1,"175,848","4,919,163"
Grand Canyon NP,GRCA,Intermountain ,AZ,2024,2,"191,721","4,919,163"
Grand Canyon NP,GRCA,Intermountain ,AZ,2024,3,"402,019","4,919,163"
Grand Canyon NP,GRCA,Intermountain ,AZ,2024,4,"472,467","4,919,163"
Grand Canyon NP,GRCA,Intermountain ,AZ,2024,5,"551,570","4,919,163"
Grand Canyon NP,GRCA,Intermountain ,AZ,2024,6,"496,170","4,919,163"
Grand Canyon NP,GRCA,Intermountain ,AZ,2024,7,"538,554","4,919,163"
Grand Canyon NP,GRCA,Intermountain ,AZ,2024,8,"507,709","4,919,163"
Grand Canyon NP,GRCA,Intermountain ,AZ,2024,9,"471,930","4,919,163"
Grand Canyon NP,GRCA,Intermountain ,AZ,2024,10,"455,042","4,919,163"
Grand Canyon NP,GRCA,Intermountain ,AZ,2024,11,"334,942","4,919,163"
Grand Canyon NP,GRCA,Intermountain ,AZ,2024,12,"321,191","4,919,163"
Grand Teton NP,GRTE,Intermountain ,WY,2024,1,"51,698","3,628,222"
Grand Teton NP,GRTE,Intermountain ,WY,2024,2,"56,180","3,628,222"
Grand Teton NP,GRTE,Intermountain ,WY,2024,3,"61,722","3,628,222"
Grand Teton NP,GRTE,Intermountain ,WY,2024,4,"76,805","3,628,222"
Grand Teton NP,GRTE,Intermountain ,WY,2024,5,"320,307","3,628,222"
Grand Teton NP,GRTE,Intermountain ,WY,2024,6,"647,776","3,628,222"
Grand Teton NP,GRTE,Intermountain ,WY,2024,7,"772,800","3,628,222"
Grand Teton NP,GRTE,Intermountain ,WY,2024,8,"701,711","3,628,222"
Grand Teton NP,GRTE,Intermountain ,WY,2024,9,"579,139","3,628,222"
Grand Teton NP,GRTE,Intermountain ,WY,2024,10,"270,892","3,628,222"
Grand Teton NP,GRTE,Intermountain ,WY,2024,11,"48,230","3,628,222"
Grand Teton NP,GRTE,Intermountain ,WY,2024,12,"40,962","3,628,222"
Great Basin NP,GRBA,Pacific West ,NV,2024,1,"1,374","152,068"
Great Basin NP,GRBA,Pacific West ,NV,2024,2,"2,336","152,068"
Great Basin NP,GRBA,Pacific West ,NV,2024,3,"3,076","152,068"
Great Basin NP,GRBA,Pacific West ,NV,2024,4,"7,712","152,068"
Great Basin NP,GRBA,Pacific West ,NV,2024,5,"15,694","152,068"
Great Basin NP,GRBA,Pacific West ,NV,2024,6,"25,122","152,068"
Great Basin NP,GRBA,Pacific West ,NV,2024,7,"23,718","152,068"
Great Basin NP,GRBA,Pacific West ,NV,2024,8,"23,780","152,068"
Great Basin NP,GRBA,Pacific West ,NV,2024,9,"25,284","152,068"
Great Basin NP,GRBA,Pacific West ,NV,2024,10,"18,904","152,068"
Great Basin NP,GRBA,Pacific West ,NV,2024,11,"1,375","152,068"
Great Basin NP,GRBA,Pacific West ,NV,2024,12,"3,693","152,068"
Great Sand Dunes NP & PRES,GRSA,Intermountain ,CO,2024,1,"4,038","437,661"
Great Sand Dunes NP & PRES,GRSA,Intermountain ,CO,2024,2,"6,720","437,661"
Great Sand Dunes NP & PRES,GRSA,Intermountain ,CO,2024,3,"21,191","437,661"
Great Sand Dunes NP & PRES,GRSA,Intermountain ,CO,2024,4,"23,869","437,661"
Great Sand Dunes NP & PRES,GRSA,Intermountain ,CO,2024,5,"63,601","437,661"
Great Sand Dunes NP & PRES,GRSA,Intermountain ,CO,2024,6,"83,212","437,661"
Great Sand Dunes NP & PRES,GRSA,Intermountain ,CO,2024,7,"75,796","437,661"
Great Sand Dunes NP & PRES,GRSA,Intermountain ,CO,2024,8,"59,855","437,661"
Great Sand Dunes NP & PRES,GRSA,Intermountain ,CO,2024,9,"44,355","437,661"
Great Sand Dunes NP & PRES,GRSA,Intermountain ,CO,2024,10,"36,114","437,661"
Great Sand Dunes NP & PRES,GRSA,Intermountain ,CO,2024,11,"10,312","437,661"
Great Sand Dunes NP & PRES,GRSA,Intermountain ,CO,2024,12,"8,598","437,661"
Great Smoky Mountains NP,GRSM,Southeast ,TN,2024,1,"407,804","12,191,834"
Great Smoky Mountains NP,GRSM,Southeast ,TN,2024,2,"472,412","12,191,834"
Great Smoky Mountains NP,GRSM,Southeast ,TN,2024,3,"872,124","12,191,834"
Great Smoky Mountains NP,GRSM,Southeast ,TN,2024,4,"951,189","12,191,834"
Great Smoky Mountains NP,GRSM,Southeast ,TN,2024,5,"1,266,832","12,191,834"
Great Smoky Mountains NP,GRSM,Southeast ,TN,2024,6,"1,378,182","12,191,834"
Great Smoky Mountains NP,GRSM,Southeast ,TN,2024,7,"1,385,854","12,191,834"
Great Smoky Mountains NP,GRSM,Southeast ,TN,2024,8,"1,150,247","12,191,834"
Great Smoky Mountains NP,GRSM,Southeast ,TN,2024,9,"1,015,889","12,191,834"
Great Smoky Mountains NP,GRSM,Southeast ,TN,2024,10,"1,510,684","12,191,834"
Great Smoky Mountains NP,GRSM,Southeast ,TN,2024,11,"1,016,062","12,191,834"
Great Smoky Mountains NP,GRSM,Southeast ,TN,2024,12,"764,555","12,191,834"
Guadalupe Mountains NP,GUMO,Intermountain ,TX,2024,1,"10,565","226,134"
Guadalupe Mountains NP,GUMO,Intermountain ,TX,2024,2,"16,240","226,134"
Guadalupe Mountains NP,GUMO,Intermountain ,TX,2024,3,"33,401","226,134"
Guadalupe Mountains NP,GUMO,Intermountain ,TX,2024,4,"32,284","226,134"
Guadalupe Mountains NP,GUMO,Intermountain ,TX,2024,5,"19,808","226,134"
Guadalupe Mountains NP,GUMO,Intermountain ,TX,2024,6,"12,872","226,134"
Guadalupe Mountains NP,GUMO,Intermountain ,TX,2024,7,"13,104","226,134"
Guadalupe Mountains NP,GUMO,Intermountain ,TX,2024,8,"8,965","226,134"
Guadalupe Mountains NP,GUMO,Intermountain ,TX,2024,9,"9,758","226,134"
Guadalupe Mountains NP,GUMO,Intermountain ,TX,2024,10,"22,510","226,134"
Guadalupe Mountains NP,GUMO,Intermountain ,TX,2024,11,"21,306","226,134"
Guadalupe Mountains NP,GUMO,Intermountain ,TX,2024,12,"25,321","226,134"
Haleakala NP,HALE,Pacific West ,HI,2024,1,"60,752","732,477"
Haleakala NP,HALE,Pacific West ,HI,2024,2,"53,964","732,477"
Haleakala NP,HALE,Pacific West ,HI,2024,3,"69,084","732,477"
Haleakala NP,HALE,Pacific West ,HI,2024,4,"59,427","732,477"
Haleakala NP,HALE,Pacific West ,HI,2024,5,"62,801","732,477"
Haleakala NP,HALE,Pacific West ,HI,2024,6,"64,736","732,477"
Haleakala NP,HALE,Pacific West ,HI,2024,7,"38,026","732,477"
Haleakala NP,HALE,Pacific West ,HI,2024,8,"62,600","732,477"
Haleakala NP,HALE,Pacific West ,HI,2024,9,"63,703","732,477"
Haleakala NP,HALE,Pacific West ,HI,2024,10,"66,793","732,477"
Haleakala NP,HALE,Pacific West ,HI,2024,11,"60,098","732,477"
Haleakala NP,HALE,Pacific West ,HI,2024,12,"70,493","732,477"
Hawaii Volcanoes NP,HAVO,Pacific West ,HI,2024,1,"136,620","1,433,593"
Hawaii Volcanoes NP,HAVO,Pacific West ,HI,2024,2,"132,112","1,433,593"
Hawaii Volcanoes NP,HAVO,Pacific West ,HI,2024,3,"113,623","1,433,593"
Hawaii Volcanoes NP,HAVO,Pacific West ,HI,2024,4,"99,199","1,433,593"
Hawaii Volcanoes NP,HAVO,Pacific West ,HI,2024,5,"97,318","1,433,593"
Hawaii Volcanoes NP,HAVO,Pacific West ,HI,2024,6,"123,916","1,433,593"
Hawaii Volcanoes NP,HAVO,Pacific West ,HI,2024,7,"127,649","1,433,593"
Hawaii Volcanoes NP,HAVO,Pacific West ,HI,2024,8,"127,562","1,433,593"
Hawaii Volcanoes NP,HAVO,Pacific West ,HI,2024,9,"97,634","1,433,593"
Hawaii Volcanoes NP,HAVO,Pacific West ,HI,2024,10,"98,621","1,433,593"
Hawaii Volcanoes NP,HAVO,Pacific West ,HI,2024,11,"109,900","1,433,593"
Hawaii Volcanoes NP,HAVO,Pacific West ,HI,2024,12,"169,439","1,433,593"
Hot Springs NP,HOSP,Midwest ,AR,2024,1,"145,593","2,461,812"
Hot Springs NP,HOSP,Midwest ,AR,2024,2,"230,444","2,461,812"
Hot Springs NP,HOSP,Midwest ,AR,2024,3,"299,361","2,461,812"
Hot Springs NP,HOSP,Midwest ,AR,2024,4,"281,931","2,461,812"
Hot Springs NP,HOSP,Midwest ,AR,2024,5,"111,653","2,461,812"
Hot Springs NP,HOSP,Midwest ,AR,2024,6,"362,828","2,461,812"
Hot Springs NP,HOSP,Midwest ,AR,2024,7,"280,144","2,461,812"
Hot Springs NP,HOSP,Midwest ,AR,2024,8,"263,021","2,461,812"
Hot Springs NP,HOSP,Midwest ,AR,2024,9,"134,443","2,461,812"
Hot Springs NP,HOSP,Midwest ,AR,2024,10,"103,447","2,461,812"
Hot Springs NP,HOSP,Midwest ,AR,2024,11,"116,591","2,461,812"
Hot Springs NP,HOSP,Midwest ,AR,2024,12,"132,356","2,461,812"
Indiana Dunes NP,INDU,Midwest ,IN,2024,1,"61,625","2,705,209"
Indiana Dunes NP,INDU,Midwest ,IN,2024,2,"92,355","2,705,209"
Indiana Dunes NP,INDU,Midwest ,IN,2024,3,"122,949","2,705,209"
Indiana Dunes NP,INDU,Midwest ,IN,2024,4,"168,932","2,705,209"
Indiana Dunes NP,INDU,Midwest ,IN,2024,5,"289,683","2,705,209"
Indiana Dunes NP,INDU,Midwest ,IN,2024,6,"456,916","2,705,209"
Indiana Dunes NP,INDU,Midwest ,IN,2024,7,"445,294","2,705,209"
Indiana Dunes NP,INDU,Midwest ,IN,2024,8,"414,972","2,705,209"
Indiana Dunes NP,INDU,Midwest ,IN,2024,9,"240,571","2,705,209"
Indiana Dunes NP,INDU,Midwest ,IN,2024,10,"206,285","2,705,209"
Indiana Dunes NP,INDU,Midwest ,IN,2024,11,"115,943","2,705,209"
Indiana Dunes NP,INDU,Midwest ,IN,2024,12,"89,684","2,705,209"
Isle Royale NP,ISRO,Midwest ,MI,2024,1,0,"28,806"
Isle Royale NP,ISRO,Midwest ,MI,2024,2,0,"28,806"
Isle Royale NP,ISRO,Midwest ,MI,2024,3,0,"28,806"
Isle Royale NP,ISRO,Midwest ,MI,2024,4,83,"28,806"
Isle Royale NP,ISRO,Midwest ,MI,2024,5,"1,689","28,806"
Isle Royale NP,ISRO,Midwest ,MI,2024,6,"5,759","28,806"
Isle Royale NP,ISRO,Midwest ,MI,2024,7,"8,629","28,806"
Isle Royale NP,ISRO,Midwest ,MI,2024,8,"8,933","28,806"
Isle Royale NP,ISRO,Midwest ,MI,2024,9,"3,421","28,806"
Isle Royale NP,ISRO,Midwest ,MI,2024,10,292,"28,806"
Isle Royale NP,ISRO,Midwest ,MI,2024,11,0,"28,806"
Isle Royale NP,ISRO,Midwest ,MI,2024,12,0,"28,806"
Joshua Tree NP,JOTR,Pacific West ,CA,2024,1,"251,664","2,991,874"
Joshua Tree NP,JOTR,Pacific West ,CA,2024,2,"283,582","2,991,874"
Joshua Tree NP,JOTR,Pacific West ,CA,2024,3,"401,378","2,991,874"
Joshua Tree NP,JOTR,Pacific West ,CA,2024,4,"343,806","2,991,874"
Joshua Tree NP,JOTR,Pacific West ,CA,2024,5,"259,803","2,991,874"
Joshua Tree NP,JOTR,Pacific West ,CA,2024,6,"171,606","2,991,874"
Joshua Tree NP,JOTR,Pacific West ,CA,2024,7,"123,786","2,991,874"
Joshua Tree NP,JOTR,Pacific West ,CA,2024,8,"143,049","2,991,874"
Joshua Tree NP,JOTR,Pacific West ,CA,2024,9,"157,399","2,991,874"
Joshua Tree NP,JOTR,Pacific West ,CA,2024,10,"212,097","2,991,874"
Joshua Tree NP,JOTR,Pacific West ,CA,2024,11,"301,653","2,991,874"
Joshua Tree NP,JOTR,Pacific West ,CA,2024,12,"342,051","2,991,874"
Katmai NP & PRES,KATM,Alaska,AK,2024,1,0,"36,230"
Katmai NP & PRES,KATM,Alaska,AK,2024,2,0,"36,230"
Katmai NP & PRES,KATM,Alaska,AK,2024,3,0,"36,230"
Katmai NP & PRES,KATM,Alaska,AK,2024,4,0,"36,230"
Katmai NP & PRES,KATM,Alaska,AK,2024,5,116,"36,230"
Katmai NP & PRES,KATM,Alaska,AK,2024,6,"4,033","36,230"
Katmai NP & PRES,KATM,Alaska,AK,2024,7,"14,447","36,230"
Katmai NP & PRES,KATM,Alaska,AK,2024,8,"11,185","36,230"
Katmai NP & PRES,KATM,Alaska,AK,2024,9,"6,098","36,230"
Katmai NP & PRES,KATM,Alaska,AK,2024,10,351,"36,230"
Katmai NP & PRES,KATM,Alaska,AK,2024,11,0,"36,230"
Katmai NP & PRES,KATM,Alaska,AK,2024,12,0,"36,230"
Kenai Fjords NP,KEFJ,Alaska,AK,2024,1,46,"419,468"
Kenai Fjords NP,KEFJ,Alaska,AK,2024,2,55,"419,468"
Kenai Fjords NP,KEFJ,Alaska,AK,2024,3,70,"419,468"
Kenai Fjords NP,KEFJ,Alaska,AK,2024,4,14,"419,468"
Kenai Fjords NP,KEFJ,Alaska,AK,2024,5,"30,862","419,468"
Kenai Fjords NP,KEFJ,Alaska,AK,2024,6,"101,964","419,468"
Kenai Fjords NP,KEFJ,Alaska,AK,2024,7,"131,917","419,468"
Kenai Fjords NP,KEFJ,Alaska,AK,2024,8,"112,585","419,468"
Kenai Fjords NP,KEFJ,Alaska,AK,2024,9,"37,456","419,468"
Kenai Fjords NP,KEFJ,Alaska,AK,2024,10,"4,490","419,468"
Kenai Fjords NP,KEFJ,Alaska,AK,2024,11,2,"419,468"
Kenai Fjords NP,KEFJ,Alaska,AK,2024,12,7,"419,468"
Kings Canyon NP,KICA,Pacific West ,CA,2024,1,"15,631","699,389"
Kings Canyon NP,KICA,Pacific West ,CA,2024,2,"12,782","699,389"
Kings Canyon NP,KICA,Pacific West ,CA,2024,3,"19,070","699,389"
Kings Canyon NP,KICA,Pacific West ,CA,2024,4,"31,276","699,389"
Kings Canyon NP,KICA,Pacific West ,CA,2024,5,"88,904","699,389"
Kings Canyon NP,KICA,Pacific West ,CA,2024,6,"99,922","699,389"
Kings Canyon NP,KICA,Pacific West ,CA,2024,7,"116,045","699,389"
Kings Canyon NP,KICA,Pacific West ,CA,2024,8,"108,771","699,389"
Kings Canyon NP,KICA,Pacific West ,CA,2024,9,"88,886","699,389"
Kings Canyon NP,KICA,Pacific West ,CA,2024,10,"66,519","699,389"
Kings Canyon NP,KICA,Pacific West ,CA,2024,11,"29,811","699,389"
Kings Canyon NP,KICA,Pacific West ,CA,2024,12,"21,772","699,389"
Kobuk Valley NP,KOVA,Alaska,AK,2024,1,867,"17,233"
Kobuk Valley NP,KOVA,Alaska,AK,2024,2,727,"17,233"
Kobuk Valley NP,KOVA,Alaska,AK,2024,3,834,"17,233"
Kobuk Valley NP,KOVA,Alaska,AK,2024,4,"1,006","17,233"
Kobuk Valley NP,KOVA,Alaska,AK,2024,5,"1,020","17,233"
Kobuk Valley NP,KOVA,Alaska,AK,2024,6,"1,777","17,233"
Kobuk Valley NP,KOVA,Alaska,AK,2024,7,"1,854","17,233"
Kobuk Valley NP,KOVA,Alaska,AK,2024,8,"2,034","17,233"
Kobuk Valley NP,KOVA,Alaska,AK,2024,9,"1,779","17,233"
Kobuk Valley NP,KOVA,Alaska,AK,2024,10,"2,010","17,233"
Kobuk Valley NP,KOVA,Alaska,AK,2024,11,"1,626","17,233"
Kobuk Valley NP,KOVA,Alaska,AK,2024,12,"1,699","17,233"
Lake Clark NP & PRES,LACL,Alaska,AK,2024,1,0,"18,505"
Lake Clark NP & PRES,LACL,Alaska,AK,2024,2,0,"18,505"
Lake Clark NP & PRES,LACL,Alaska,AK,2024,3,0,"18,505"
Lake Clark NP & PRES,LACL,Alaska,AK,2024,4,0,"18,505"
Lake Clark NP & PRES,LACL,Alaska,AK,2024,5,328,"18,505"
Lake Clark NP & PRES,LACL,Alaska,AK,2024,6,"5,125","18,505"
Lake Clark NP & PRES,LACL,Alaska,AK,2024,7,"6,539","18,505"
Lake Clark NP & PRES,LACL,Alaska,AK,2024,8,"4,535","18,505"
Lake Clark NP & PRES,LACL,Alaska,AK,2024,9,"1,942","18,505"
Lake Clark NP & PRES,LACL,Alaska,AK,2024,10,36,"18,505"
Lake Clark NP & PRES,LACL,Alaska,AK,2024,11,0,"18,505"
Lake Clark NP & PRES,LACL,Alaska,AK,2024,12,0,"18,505"
Lassen Volcanic NP,LAVO,Pacific West ,CA,2024,1,"7,116","357,651"
Lassen Volcanic NP,LAVO,Pacific West ,CA,2024,2,"6,786","357,651"
Lassen Volcanic NP,LAVO,Pacific West ,CA,2024,3,"6,072","357,651"
Lassen Volcanic NP,LAVO,Pacific West ,CA,2024,4,"6,978","357,651"
Lassen Volcanic NP,LAVO,Pacific West ,CA,2024,5,"34,227","357,651"
Lassen Volcanic NP,LAVO,Pacific West ,CA,2024,6,"72,903","357,651"
Lassen Volcanic NP,LAVO,Pacific West ,CA,2024,7,"92,058","357,651"
Lassen Volcanic NP,LAVO,Pacific West ,CA,2024,8,"16,641","357,651"
Lassen Volcanic NP,LAVO,Pacific West ,CA,2024,9,"56,526","357,651"
Lassen Volcanic NP,LAVO,Pacific West ,CA,2024,10,"42,657","357,651"
Lassen Volcanic NP,LAVO,Pacific West ,CA,2024,11,"11,793","357,651"
Lassen Volcanic NP,LAVO,Pacific West ,CA,2024,12,"3,894","357,651"
Mammoth Cave NP,MACA,Southeast ,KY,2024,1,"18,190","747,042"
Mammoth Cave NP,MACA,Southeast ,KY,2024,2,"27,516","747,042"
Mammoth Cave NP,MACA,Southeast ,KY,2024,3,"85,608","747,042"
Mammoth Cave NP,MACA,Southeast ,KY,2024,4,"67,497","747,042"
Mammoth Cave NP,MACA,Southeast ,KY,2024,5,"67,741","747,042"
Mammoth Cave NP,MACA,Southeast ,KY,2024,6,"94,055","747,042"
Mammoth Cave NP,MACA,Southeast ,KY,2024,7,"102,556","747,042"
Mammoth Cave NP,MACA,Southeast ,KY,2024,8,"86,945","747,042"
Mammoth Cave NP,MACA,Southeast ,KY,2024,9,"49,835","747,042"
Mammoth Cave NP,MACA,Southeast ,KY,2024,10,"75,732","747,042"
Mammoth Cave NP,MACA,Southeast ,KY,2024,11,"40,758","747,042"
Mammoth Cave NP,MACA,Southeast ,KY,2024,12,"30,609","747,042"
Mesa Verde NP,MEVE,Intermountain ,CO,2024,1,"5,392","480,065"
Mesa Verde NP,MEVE,Intermountain ,CO,2024,2,"6,794","480,065"
Mesa Verde NP,MEVE,Intermountain ,CO,2024,3,"15,758","480,065"
Mesa Verde NP,MEVE,Intermountain ,CO,2024,4,"29,411","480,065"
Mesa Verde NP,MEVE,Intermountain ,CO,2024,5,"57,068","480,065"
Mesa Verde NP,MEVE,Intermountain ,CO,2024,6,"88,815","480,065"
Mesa Verde NP,MEVE,Intermountain ,CO,2024,7,"80,791","480,065"
Mesa Verde NP,MEVE,Intermountain ,CO,2024,8,"65,889","480,065"
Mesa Verde NP,MEVE,Intermountain ,CO,2024,9,"61,676","480,065"
Mesa Verde NP,MEVE,Intermountain ,CO,2024,10,"48,655","480,065"
Mesa Verde NP,MEVE,Intermountain ,CO,2024,11,"11,054","480,065"
Mesa Verde NP,MEVE,Intermountain ,CO,2024,12,"8,762","480,065"
Mount Rainier NP,MORA,Pacific West ,WA,2024,1,"17,070","1,620,006"
Mount Rainier NP,MORA,Pacific West ,WA,2024,2,"22,032","1,620,006"
Mount Rainier NP,MORA,Pacific West ,WA,2024,3,"29,590","1,620,006"
Mount Rainier NP,MORA,Pacific West ,WA,2024,4,"26,732","1,620,006"
Mount Rainier NP,MORA,Pacific West ,WA,2024,5,"84,040","1,620,006"
Mount Rainier NP,MORA,Pacific West ,WA,2024,6,"235,000","1,620,006"
Mount Rainier NP,MORA,Pacific West ,WA,2024,7,"389,244","1,620,006"
Mount Rainier NP,MORA,Pacific West ,WA,2024,8,"381,007","1,620,006"
Mount Rainier NP,MORA,Pacific West ,WA,2024,9,"230,532","1,620,006"
Mount Rainier NP,MORA,Pacific West ,WA,2024,10,"160,718","1,620,006"
Mount Rainier NP,MORA,Pacific West ,WA,2024,11,"23,664","1,620,006"
Mount Rainier NP,MORA,Pacific West ,WA,2024,12,"20,377","1,620,006"
National Park of American Samoa,NPSA,Pacific West ,AS,2024,1,"1,379","22,567"
National Park of American Samoa,NPSA,Pacific West ,AS,2024,2,"1,545","22,567"
National Park of American Samoa,NPSA,Pacific West ,AS,2024,3,562,"22,567"
National Park of American Samoa,NPSA,Pacific West ,AS,2024,4,"3,591","22,567"
National Park of American Samoa,NPSA,Pacific West ,AS,2024,5,938,"22,567"
National Park of American Samoa,NPSA,Pacific West ,AS,2024,6,531,"22,567"
National Park of American Samoa,NPSA,Pacific West ,AS,2024,7,"1,654","22,567"
National Park of American Samoa,NPSA,Pacific West ,AS,2024,8,"1,528","22,567"
National Park of American Samoa,NPSA,Pacific West ,AS,2024,9,"3,316","22,567"
National Park of American Samoa,NPSA,Pacific West ,AS,2024,10,"4,480","22,567"
National Park of American Samoa,NPSA,Pacific West ,AS,2024,11,"2,656","22,567"
National Park of American Samoa,NPSA,Pacific West ,AS,2024,12,387,"22,567"
New River Gorge NP & PRES,NERI,Northeast ,WV,2024,1,"40,032","1,811,937"
New River Gorge NP & PRES,NERI,Northeast ,WV,2024,2,"39,060","1,811,937"
New River Gorge NP & PRES,NERI,Northeast ,WV,2024,3,"94,736","1,811,937"
New River Gorge NP & PRES,NERI,Northeast ,WV,2024,4,"133,634","1,811,937"
New River Gorge NP & PRES,NERI,Northeast ,WV,2024,5,"205,324","1,811,937"
New River Gorge NP & PRES,NERI,Northeast ,WV,2024,6,"233,531","1,811,937"
New River Gorge NP & PRES,NERI,Northeast ,WV,2024,7,"293,196","1,811,937"
New River Gorge NP & PRES,NERI,Northeast ,WV,2024,8,"244,284","1,811,937"
New River Gorge NP & PRES,NERI,Northeast ,WV,2024,9,"178,025","1,811,937"
New River Gorge NP & PRES,NERI,Northeast ,WV,2024,10,"215,169","1,811,937"
New River Gorge NP & PRES,NERI,Northeast ,WV,2024,11,"87,781","1,811,937"
New River Gorge NP & PRES,NERI,Northeast ,WV,2024,12,"47,165","1,811,937"
North Cascades NP,NOCA,Pacific West ,WA,2024,1,44,"16,485"
North Cascades NP,NOCA,Pacific West ,WA,2024,2,64,"16,485"
North Cascades NP,NOCA,Pacific West ,WA,2024,3,195,"16,485"
North Cascades NP,NOCA,Pacific West ,WA,2024,4,"1,129","16,485"
North Cascades NP,NOCA,Pacific West ,WA,2024,5,"1,075","16,485"
North Cascades NP,NOCA,Pacific West ,WA,2024,6,"3,006","16,485"
North Cascades NP,NOCA,Pacific West ,WA,2024,7,"5,942","16,485"
North Cascades NP,NOCA,Pacific West ,WA,2024,8,"1,561","16,485"
North Cascades NP,NOCA,Pacific West ,WA,2024,9,"2,337","16,485"
North Cascades NP,NOCA,Pacific West ,WA,2024,10,"1,111","16,485"
North Cascades NP,NOCA,Pacific West ,WA,2024,11,19,"16,485"
North Cascades NP,NOCA,Pacific West ,WA,2024,12,2,"16,485"
Olympic NP,OLYM,Pacific West ,WA,2024,1,"100,710","3,717,267"
Olympic NP,OLYM,Pacific West ,WA,2024,2,"117,866","3,717,267"
Olympic NP,OLYM,Pacific West ,WA,2024,3,"166,801","3,717,267"
Olympic NP,OLYM,Pacific West ,WA,2024,4,"216,512","3,717,267"
Olympic NP,OLYM,Pacific West ,WA,2024,5,"320,846","3,717,267"
Olympic NP,OLYM,Pacific West ,WA,2024,6,"377,950","3,717,267"
Olympic NP,OLYM,Pacific West ,WA,2024,7,"569,479","3,717,267"
Olympic NP,OLYM,Pacific West ,WA,2024,8,"615,644","3,717,267"
Olympic NP,OLYM,Pacific West ,WA,2024,9,"537,342","3,717,267"
Olympic NP,OLYM,Pacific West ,WA,2024,10,"339,243","3,717,267"
Olympic NP,OLYM,Pacific West ,WA,2024,11,"235,137","3,717,267"
Olympic NP,OLYM,Pacific West ,WA,2024,12,"119,737","3,717,267"
Petrified Forest NP,PEFO,Intermountain ,AZ,2024,1,"21,564","559,254"
Petrified Forest NP,PEFO,Intermountain ,AZ,2024,2,"23,096","559,254"
Petrified Forest NP,PEFO,Intermountain ,AZ,2024,3,"57,474","559,254"
Petrified Forest NP,PEFO,Intermountain ,AZ,2024,4,"51,745","559,254"
Petrified Forest NP,PEFO,Intermountain ,AZ,2024,5,"59,694","559,254"
Petrified Forest NP,PEFO,Intermountain ,AZ,2024,6,"76,109","559,254"
Petrified Forest NP,PEFO,Intermountain ,AZ,2024,7,"49,151","559,254"
Petrified Forest NP,PEFO,Intermountain ,AZ,2024,8,"43,397","559,254"
Petrified Forest NP,PEFO,Intermountain ,AZ,2024,9,"54,584","559,254"
Petrified Forest NP,PEFO,Intermountain ,AZ,2024,10,"58,499","559,254"
Petrified Forest NP,PEFO,Intermountain ,AZ,2024,11,"33,302","559,254"
Petrified Forest NP,PEFO,Intermountain ,AZ,2024,12,"30,639","559,254"
Pinnacles NP,PINN,Pacific West ,CA,2024,1,"21,517","354,076"
Pinnacles NP,PINN,Pacific West ,CA,2024,2,"20,006","354,076"
Pinnacles NP,PINN,Pacific West ,CA,2024,3,"44,547","354,076"
Pinnacles NP,PINN,Pacific West ,CA,2024,4,"35,849","354,076"
Pinnacles NP,PINN,Pacific West ,CA,2024,5,"36,859","354,076"
Pinnacles NP,PINN,Pacific West ,CA,2024,6,"32,430","354,076"
Pinnacles NP,PINN,Pacific West ,CA,2024,7,"24,309","354,076"
Pinnacles NP,PINN,Pacific West ,CA,2024,8,"24,940","354,076"
Pinnacles NP,PINN,Pacific West ,CA,2024,9,"23,964","354,076"
Pinnacles NP,PINN,Pacific West ,CA,2024,10,"25,615","354,076"
Pinnacles NP,PINN,Pacific West ,CA,2024,11,"33,745","354,076"
Pinnacles NP,PINN,Pacific West ,CA,2024,12,"30,295","354,076"
Redwood NP,REDW,Pacific West ,CA,2024,1,"18,772","622,883"
Redwood NP,REDW,Pacific West ,CA,2024,2,"21,190","622,883"
Redwood NP,REDW,Pacific West ,CA,2024,3,"34,687","622,883"
Redwood NP,REDW,Pacific West ,CA,2024,4,"45,248","622,883"
Redwood NP,REDW,Pacific West ,CA,2024,5,"67,073","622,883"
Redwood NP,REDW,Pacific West ,CA,2024,6,"85,190","622,883"
Redwood NP,REDW,Pacific West ,CA,2024,7,"84,702","622,883"
Redwood NP,REDW,Pacific West ,CA,2024,8,"72,318","622,883"
Redwood NP,REDW,Pacific West ,CA,2024,9,"75,387","622,883"
Redwood NP,REDW,Pacific West ,CA,2024,10,"51,797","622,883"
Redwood NP,REDW,Pacific West ,CA,2024,11,"32,140","622,883"
Redwood NP,REDW,Pacific West ,CA,2024,12,"34,379","622,883"
Rocky Mountain NP,ROMO,Intermountain ,CO,2024,1,"110,891","4,154,349"
Rocky Mountain NP,ROMO,Intermountain ,CO,2024,2,"105,737","4,154,349"
Rocky Mountain NP,ROMO,Intermountain ,CO,2024,3,"145,605","4,154,349"
Rocky Mountain NP,ROMO,Intermountain ,CO,2024,4,"158,901","4,154,349"
Rocky Mountain NP,ROMO,Intermountain ,CO,2024,5,"324,802","4,154,349"
Rocky Mountain NP,ROMO,Intermountain ,CO,2024,6,"641,278","4,154,349"
Rocky Mountain NP,ROMO,Intermountain ,CO,2024,7,"758,522","4,154,349"
Rocky Mountain NP,ROMO,Intermountain ,CO,2024,8,"624,133","4,154,349"
Rocky Mountain NP,ROMO,Intermountain ,CO,2024,9,"615,714","4,154,349"
Rocky Mountain NP,ROMO,Intermountain ,CO,2024,10,"398,638","4,154,349"
Rocky Mountain NP,ROMO,Intermountain ,CO,2024,11,"140,097","4,154,349"
Rocky Mountain NP,ROMO,Intermountain ,CO,2024,12,"130,031","4,154,349"
Saguaro NP,SAGU,Intermountain ,AZ,2024,1,"97,058","946,369"
Saguaro NP,SAGU,Intermountain ,AZ,2024,2,"119,576","946,369"
Saguaro NP,SAGU,Intermountain ,AZ,2024,3,"155,651","946,369"
Saguaro NP,SAGU,Intermountain ,AZ,2024,4,"105,405","946,369"
Saguaro NP,SAGU,Intermountain ,AZ,2024,5,"76,727","946,369"
Saguaro NP,SAGU,Intermountain ,AZ,2024,6,"45,268","946,369"
Saguaro NP,SAGU,Intermountain ,AZ,2024,7,"35,125","946,369"
Saguaro NP,SAGU,Intermountain ,AZ,2024,8,"34,966","946,369"
Saguaro NP,SAGU,Intermountain ,AZ,2024,9,"43,486","946,369"
Saguaro NP,SAGU,Intermountain ,AZ,2024,10,"54,395","946,369"
Saguaro NP,SAGU,Intermountain ,AZ,2024,11,"83,561","946,369"
Saguaro NP,SAGU,Intermountain ,AZ,2024,12,"95,151","946,369"
Sequoia NP,SEQU,Pacific West ,CA,2024,1,"48,087","1,309,573"
Sequoia NP,SEQU,Pacific West ,CA,2024,2,"38,250","1,309,573"
Sequoia NP,SEQU,Pacific West ,CA,2024,3,"67,764","1,309,573"
Sequoia NP,SEQU,Pacific West ,CA,2024,4,"88,326","1,309,573"
Sequoia NP,SEQU,Pacific West ,CA,2024,5,"137,566","1,309,573"
Sequoia NP,SEQU,Pacific West ,CA,2024,6,"123,835","1,309,573"
Sequoia NP,SEQU,Pacific West ,CA,2024,7,"212,834","1,309,573"
Sequoia NP,SEQU,Pacific West ,CA,2024,8,"199,189","1,309,573"
Sequoia NP,SEQU,Pacific West ,CA,2024,9,"148,582","1,309,573"
Sequoia NP,SEQU,Pacific West ,CA,2024,10,"117,625","1,309,573"
Sequoia NP,SEQU,Pacific West ,CA,2024,11,"71,510","1,309,573"
Sequoia NP,SEQU,Pacific West ,CA,2024,12,"56,005","1,309,573"
Shenandoah NP,SHEN,Northeast ,VA,2024,1,"24,853","1,720,211"
Shenandoah NP,SHEN,Northeast ,VA,2024,2,"40,505","1,720,211"
Shenandoah NP,SHEN,Northeast ,VA,2024,3,"93,287","1,720,211"
Shenandoah NP,SHEN,Northeast ,VA,2024,4,"129,148","1,720,211"
Shenandoah NP,SHEN,Northeast ,VA,2024,5,"162,483","1,720,211"
Shenandoah NP,SHEN,Northeast ,VA,2024,6,"189,379","1,720,211"
Shenandoah NP,SHEN,Northeast ,VA,2024,7,"170,529","1,720,211"
Shenandoah NP,SHEN,Northeast ,VA,2024,8,"186,159","1,720,211"
Shenandoah NP,SHEN,Northeast ,VA,2024,9,"155,791","1,720,211"
Shenandoah NP,SHEN,Northeast ,VA,2024,10,"361,136","1,720,211"
Shenandoah NP,SHEN,Northeast ,VA,2024,11,"170,397","1,720,211"
Shenandoah NP,SHEN,Northeast ,VA,2024,12,"36,544","1,720,211"
Theodore Roosevelt NP,THRO,Midwest ,ND,2024,1,956,"732,951"
Theodore Roosevelt NP,THRO,Midwest ,ND,2024,2,"2,670","732,951"
Theodore Roosevelt NP,THRO,Midwest ,ND,2024,3,"9,604","732,951"
Theodore Roosevelt NP,THRO,Midwest ,ND,2024,4,"12,155","732,951"
Theodore Roosevelt NP,THRO,Midwest ,ND,2024,5,"69,601","732,951"
Theodore Roosevelt NP,THRO,Midwest ,ND,2024,6,"140,436","732,951"
Theodore Roosevelt NP,THRO,Midwest ,ND,2024,7,"154,280","732,951"
Theodore Roosevelt NP,THRO,Midwest ,ND,2024,8,"153,886","732,951"
Theodore Roosevelt NP,THRO,Midwest ,ND,2024,9,"113,473","732,951"
Theodore Roosevelt NP,THRO,Midwest ,ND,2024,10,"56,160","732,951"
Theodore Roosevelt NP,THRO,Midwest ,ND,2024,11,"18,204","732,951"
Theodore Roosevelt NP,THRO,Midwest ,ND,2024,12,"1,526","732,951"
Virgin Islands NP,VIIS,Southeast ,VI,2024,1,"45,607","423,029"
Virgin Islands NP,VIIS,Southeast ,VI,2024,2,"40,732","423,029"
Virgin Islands NP,VIIS,Southeast ,VI,2024,3,"50,443","423,029"
Virgin Islands NP,VIIS,Southeast ,VI,2024,4,"41,461","423,029"
Virgin Islands NP,VIIS,Southeast ,VI,2024,5,"43,621","423,029"
Virgin Islands NP,VIIS,Southeast ,VI,2024,6,"41,849","423,029"
Virgin Islands NP,VIIS,Southeast ,VI,2024,7,"43,381","423,029"
Virgin Islands NP,VIIS,Southeast ,VI,2024,8,"8,298","423,029"
Virgin Islands NP,VIIS,Southeast ,VI,2024,9,"15,309","423,029"
Virgin Islands NP,VIIS,Southeast ,VI,2024,10,"20,503","423,029"
Virgin Islands NP,VIIS,Southeast ,VI,2024,11,"30,695","423,029"
Virgin Islands NP,VIIS,Southeast ,VI,2024,12,"41,130","423,029"
Voyageurs NP,VOYA,Midwest ,MN,2024,1,"1,054","199,030"
Voyageurs NP,VOYA,Midwest ,MN,2024,2,973,"199,030"
Voyageurs NP,VOYA,Midwest ,MN,2024,3,359,"199,030"
Voyageurs NP,VOYA,Midwest ,MN,2024,4,7,"199,030"
Voyageurs NP,VOYA,Midwest ,MN,2024,5,"26,843","199,030"
Voyageurs NP,VOYA,Midwest ,MN,2024,6,"43,233","199,030"
Voyageurs NP,VOYA,Midwest ,MN,2024,7,"45,206","199,030"
Voyageurs NP,VOYA,Midwest ,MN,2024,8,"47,070","199,030"
Voyageurs NP,VOYA,Midwest ,MN,2024,9,"21,589","199,030"
Voyageurs NP,VOYA,Midwest ,MN,2024,10,"10,247","199,030"
Voyageurs NP,VOYA,Midwest ,MN,2024,11,"2,338","199,030"
Voyageurs NP,VOYA,Midwest ,MN,2024,12,111,"199,030"
White Sands NP,WHSA,Intermountain ,NM,2024,1,"37,476","702,236"
White Sands NP,WHSA,Intermountain ,NM,2024,2,"42,814","702,236"
White Sands NP,WHSA,Intermountain ,NM,2024,3,"105,286","702,236"
White Sands NP,WHSA,Intermountain ,NM,2024,4,"87,378","702,236"
White Sands NP,WHSA,Intermountain ,NM,2024,5,"62,001","702,236"
White Sands NP,WHSA,Intermountain ,NM,2024,6,"56,400","702,236"
White Sands NP,WHSA,Intermountain ,NM,2024,7,"53,205","702,236"
White Sands NP,WHSA,Intermountain ,NM,2024,8,"41,892","702,236"
White Sands NP,WHSA,Intermountain ,NM,2024,9,"43,204","702,236"
White Sands NP,WHSA,Intermountain ,NM,2024,10,"58,118","702,236"
White Sands NP,WHSA,Intermountain ,NM,2024,11,"52,220","702,236"
White Sands NP,WHSA,Intermountain ,NM,2024,12,"62,242","702,236"
Wind Cave NP,WICA,Midwest ,SD,2024,1,"10,989","489,399"
Wind Cave NP,WICA,Midwest ,SD,2024,2,"12,147","489,399"
Wind Cave NP,WICA,Midwest ,SD,2024,3,"18,343","489,399"
Wind Cave NP,WICA,Midwest ,SD,2024,4,"35,913","489,399"
Wind Cave NP,WICA,Midwest ,SD,2024,5,"53,698","489,399"
Wind Cave NP,WICA,Midwest ,SD,2024,6,"70,988","489,399"
Wind Cave NP,WICA,Midwest ,SD,2024,7,"89,192","489,399"
Wind Cave NP,WICA,Midwest ,SD,2024,8,"79,172","489,399"
Wind Cave NP,WICA,Midwest ,SD,2024,9,"65,301","489,399"
Wind Cave NP,WICA,Midwest ,SD,2024,10,"27,566","489,399"
Wind Cave NP,WICA,Midwest ,SD,2024,11,"13,599","489,399"
Wind Cave NP,WICA,Midwest ,SD,2024,12,"12,491","489,399"
Wrangell-St. Elias NP & PRES,WRST,Alaska,AK,2024,1,25,"81,670"
Wrangell-St. Elias NP & PRES,WRST,Alaska,AK,2024,2,95,"81,670"
Wrangell-St. Elias NP & PRES,WRST,Alaska,AK,2024,3,230,"81,670"
Wrangell-St. Elias NP & PRES,WRST,Alaska,AK,2024,4,520,"81,670"
Wrangell-St. Elias NP & PRES,WRST,Alaska,AK,2024,5,"5,411","81,670"
Wrangell-St. Elias NP & PRES,WRST,Alaska,AK,2024,6,"21,141","81,670"
Wrangell-St. Elias NP & PRES,WRST,Alaska,AK,2024,7,"28,195","81,670"
Wrangell-St. Elias NP & PRES,WRST,Alaska,AK,2024,8,"20,020","81,670"
Wrangell-St. Elias NP & PRES,WRST,Alaska,AK,2024,9,"5,408","81,670"
Wrangell-St. Elias NP & PRES,WRST,Alaska,AK,2024,10,530,"81,670"
Wrangell-St. Elias NP & PRES,WRST,Alaska,AK,2024,11,60,"81,670"
Wrangell-St. Elias NP & PRES,WRST,Alaska,AK,2024,12,35,"81,670"
Yellowstone NP,YELL,Intermountain ,WY,2024,1,"42,740","4,744,353"
Yellowstone NP,YELL,Intermountain ,WY,2024,2,"49,291","4,744,353"
Yellowstone NP,YELL,Intermountain ,WY,2024,3,"32,862","4,744,353"
Yellowstone NP,YELL,Intermountain ,WY,2024,4,"71,784","4,744,353"
Yellowstone NP,YELL,Intermountain ,WY,2024,5,"522,450","4,744,353"
Yellowstone NP,YELL,Intermountain ,WY,2024,6,"914,612","4,744,353"
Yellowstone NP,YELL,Intermountain ,WY,2024,7,"992,352","4,744,353"
Yellowstone NP,YELL,Intermountain ,WY,2024,8,"868,259","4,744,353"
Yellowstone NP,YELL,Intermountain ,WY,2024,9,"852,435","4,744,353"
Yellowstone NP,YELL,Intermountain ,WY,2024,10,"346,025","4,744,353"
Yellowstone NP,YELL,Intermountain ,WY,2024,11,"21,133","4,744,353"
Yellowstone NP,YELL,Intermountain ,WY,2024,12,"30,410","4,744,353"
Yosemite NP,YOSE,Pacific West ,CA,2024,1,"127,789","4,121,807"
Yosemite NP,YOSE,Pacific West ,CA,2024,2,"121,027","4,121,807"
Yosemite NP,YOSE,Pacific West ,CA,2024,3,"147,102","4,121,807"
Yosemite NP,YOSE,Pacific West ,CA,2024,4,"234,232","4,121,807"
Yosemite NP,YOSE,Pacific West ,CA,2024,5,"409,748","4,121,807"
Yosemite NP,YOSE,Pacific West ,CA,2024,6,"566,111","4,121,807"
Yosemite NP,YOSE,Pacific West ,CA,2024,7,"574,270","4,121,807"
Yosemite NP,YOSE,Pacific West ,CA,2024,8,"547,217","4,121,807"
Yosemite NP,YOSE,Pacific West ,CA,2024,9,"537,313","4,121,807"
Yosemite NP,YOSE,Pacific West ,CA,2024,10,"462,467","4,121,807"
Yosemite NP,YOSE,Pacific West ,CA,2024,11,"230,748","4,121,807"
Yosemite NP,YOSE,Pacific West ,CA,2024,12,"163,783","4,121,807"
Zion NP,ZION,Intermountain ,UT,2024,1,"120,910","4,946,592"
Zion NP,ZION,Intermountain ,UT,2024,2,"144,218","4,946,592"
Zion NP,ZION,Intermountain ,UT,2024,3,"417,071","4,946,592"
Zion NP,ZION,Intermountain ,UT,2024,4,"473,570","4,946,592"
Zion NP,ZION,Intermountain ,UT,2024,5,"589,505","4,946,592"
Zion NP,ZION,Intermountain ,UT,2024,6,"613,552","4,946,592"
Zion NP,ZION,Intermountain ,UT,2024,7,"546,452","4,946,592"
Zion NP,ZION,Intermountain ,UT,2024,8,"470,995","4,946,592"
Zion NP,ZION,Intermountain ,UT,2024,9,"506,117","4,946,592"
Zion NP,ZION,Intermountain ,UT,2024,10,"517,501","4,946,592"
Zion NP,ZION,Intermountain ,UT,2024,11,"311,297","4,946,592"
Zion NP,ZION,Intermountain ,UT,2024,12,"235,404","4,946,592"
